TradingDesk,PlCreditoPrivado
KAT,53656478.13360983
ID2,136292300.3746692
FRA,65888741.24425997
APP,410361617.88412744
348,1416270.0232925254
652,70339250.70284934
PAL,13437316.567813162
PDA,70946659.28461552
PEM,4281681.367823388
APO,81094561.5522138
PID,239221065.3406906
678,4611616366.166347
KRF,156204.05276978447
KCP,2628445322.6839457
BVP,762748557.2822201
RFA,237395367.51523492
KOP,539621341.1230139
134,5165526944.101874
CPI,56472712.82964854
846,2354060126.9919853
IRF,116523659.1097638
