TradingDesk,total_credito
KAT,10828160.98500736
ID2,9925805.300758574
FRA,8959316.452919224
APP,23397773.151533205
348,187966.64457511946
652,7239091.903110713
PAL,1556794.4353632648
PDA,3210656.3072708896
PEM,801568.6209026219
APO,5298333.32309673
PID,10868117.624281442
678,674368181.1109779
KCP,335460410.034272
BVP,117649967.3518834
RFA,14632372.694249267
KOP,40442964.38528902
134,740507824.0976479
CPI,11396406.732376942
846,309784156.0933646
IRF,38824218.225268155
