TradingDesk,total_credito
KAT,100528.5311621065
ID2,13057.027851121002
PAL,21364.255772959943
678,7043210.652553212
KOP,819829.8506113859
FRA,136567.25706994339
652,30894.199144528255
PEM,1711.1427687843366
PID,149740.07483962493
BVP,3248038.708046011
RFA,6529.465174614681
846,2959377.1246306715
APP,349248.7882281898
348,1795.7224431432219
PDA,42592.702888682354
APO,14655.011778496457
134,7572157.151174424
KCP,3874383.2459673127
CPI,37237.59209717243
