TradingDesk,total_credito
KAT,12999448.192133402
ID2,14682364.47509897
FRA,10418472.726616627
APP,27724214.024703454
348,245994.72116581092
PAL,1906049.5433192418
652,9986244.227656528
PDA,3814438.62519624
PEM,968744.9384467886
APO,8463273.542152926
PID,12895232.98811618
678,805025782.44357
KCP,397373593.66087663
BVP,151016215.91214365
RFA,23899473.963076036
KOP,70911616.74881528
134,883149766.055748
CPI,15691739.53829646
846,405328219.112852
IRF,58470525.40998029
