TradingDesk,total_credito
KAT,100528.53116210648
ID2,13057.027851383036
FRA,136567.25706994339
APP,349248.7882250466
348,1795.7224424230312
652,30894.199144528156
PAL,21364.255771585038
PDA,42592.70288809282
PEM,1711.1427669511202
APO,14655.01177974046
PID,149740.07483962513
678,7043210.652548095
KCP,3874383.2459673127
BVP,3248038.708046011
RFA,6529.465173567087
KOP,819829.8506113859
134,7572157.151178223
CPI,37237.59209717243
846,2959377.1246313932
