TradingDesk,total_credito_rating
KAT,10828160.98500736
ID2,9925805.300758574
FRA,8959316.452919226
APP,23397773.1515332
348,187966.64457511943
PAL,1556794.4353632655
652,7239091.903110715
PDA,3210656.3072708896
PEM,801568.6209026218
APO,5298333.323096731
PID,10868117.624281442
678,674368181.1109781
KCP,335460410.0342721
BVP,117649967.35188341
RFA,14632372.694249269
KOP,40442964.38528903
134,740507824.0976478
CPI,11396406.732376942
846,309784156.0933646
IRF,38824218.22526815
