TradingDesk,sum(Position)
KAT,13092237.002958268
ID2,14755138.201763084
FRA,10414593.963082815
APP,27736324.649463885
348,246742.11733990142
PAL,1908918.5935073204
652,10017763.961944424
PDA,3822128.2573162676
PEM,1068509.5666143799
APO,8504541.907800782
PID,12914447.881605051
678,809678459.0944039
KCP,398795297.0562281
BVP,152812899.94616777
RFA,24034231.947053105
KOP,70091786.8982039
134,888434830.8645424
CPI,15855351.764846342
846,406559649.5851802
IRF,63416042.9456546
