TradingDesk,sum(Position)
KAT,12898919.660971295
ID2,14669307.447247582
FRA,10281905.469546683
APP,27374965.236478407
348,244198.9987233879
652,9955350.028512003
PAL,1884685.287547656
PDA,3771845.9223081474
PEM,967033.7956798373
APO,8448618.530373186
PID,12745492.913276555
678,797982571.7910213
KCP,393499210.41490924
BVP,147768177.20409763
RFA,23892944.49790247
KOP,70091786.89820391
134,875577608.9045699
CPI,15654501.946199287
846,402368841.98822075
IRF,58470525.4099803
